,chiller_power,cooling_capacity,uncontrollable_power,oat,time,ice_mass,t_cc_out,price,whole_building_power,whole_building_power_opt,state_of_charge,charging_rate,discharging_rate,rated_power,peak_load,peak_load_opt
0,3.306313011331227,10.741334872306428,65.50013333333334,64.4,2017-08-21 00:00:00,1.5,-31.802649962101945,4.675,68.80644634466456,77.84190222032001,10.0,9.03545587348912,0.0,-9.035455875655442,89.87808843811223,79.97934360419654
1,2.434305490774674,3.025100945500186,65.46839491525425,60.8,2017-08-21 01:00:00,1.5,2.8585383886134657,4.675,67.90270040602893,76.94134068373809,13.844874840704444,9.038640275505909,0.0,-9.038640277709169,89.87808843811223,79.97934360419654
2,2.3117259054538013,2.0734841447778525,65.4324,59.0,2017-08-21 02:00:00,1.5,3.435197163180239,4.675,67.7441259054538,76.78263324467106,17.6911047461126,9.03850733700941,0.0,-9.038507339217263,89.87808843811223,79.97934360419654
3,2.1937649051782637,1.1250663691428857,65.42416666666666,57.2,2017-08-21 03:00:00,1.5,3.9192839049677124,4.675,67.61793157184493,76.65728733292389,21.537278081949733,9.039355758867552,0.0,-9.039355761078951,89.87808843811223,79.97934360419654
4,2.1157311279139046,0.49105636470702974,66.47666666666666,55.94,2017-08-21 04:00:00,1.5,4.201134320579795,4.675,68.59239779458056,77.62515896134207,25.383812448366307,9.032761164579004,0.0,-9.032761166761501,89.87808843811223,79.97934360419654
5,2.3288599861107175,2.8779259806425244,66.3651,57.2,2017-08-21 05:00:00,1.5,2.871825445885969,4.675,68.69395998611071,77.72642846062669,29.22754060443503,9.032468472338078,0.0,-9.032468474515985,89.87808843811223,79.97934360419654
6,2.8818832318294523,8.281868005629853,65.67086666666667,59.0,2017-08-21 06:00:00,1.5,-8.44918876017297,4.675,68.55274989849612,77.58826877823684,33.07114421061205,9.035518877554045,0.0,-9.035518879740714,89.87808843811223,79.97934360419654
7,3.779813668876493,14.752783776208826,69.3857,63.14,2017-08-21 07:00:00,1.5,31.514887879783927,4.675,73.1655136688765,79.70271999574155,36.91604586156554,6.537206324644665,0.0,-6.537206326865049,89.87808843811223,79.97934360419654
8,3.906832585531553,14.99375475942826,74.65363333333332,66.2,2017-08-21 08:00:00,1.5,36.2087728361112,4.675,78.56046591886486,79.77082882731284,39.697835787891094,1.2103629063926367,0.0,-1.2103629084479781,89.87808843811223,79.97934360419654
9,8.028854466477718,36.099135940153246,74.90799999999999,69.8,2017-08-21 09:00:00,1.5,17.037627443187866,9.083333333,82.93685446647771,74.90799926228893,40.21288383403917,1.7960843320489707e-11,8.028855204206748,8.028855204188785,89.87808843811223,79.97934360419654
10,5.844855436844482,25.9303648914802,75.66656666666667,69.8,2017-08-21 10:00:00,1.5,17.665138343404077,15.925,81.51142210351115,75.66656591445594,36.796349704597134,2.7453266163949163e-11,5.84485618908267,5.844856189055217,89.87808843811223,79.97934360419654
11,6.952540519343623,30.911021987218586,76.07876666666667,71.6,2017-08-21 11:00:00,1.5,17.55936576188858,15.925,83.0313071860103,76.07876591033394,34.30917685819066,2.2622639226342462e-11,6.952541275698987,6.9525412756763645,89.87808843811223,79.97934360419654
12,6.425558453586812,27.945213486579885,77.31003333333334,73.4,2017-08-21 12:00:00,1.5,18.74201899508283,9.083333333,83.73559178692015,77.31003257160194,31.350648655775185,1.4524437631932357e-12,6.425559215319663,6.425559215318211,89.87808843811223,79.97934360419654
13,6.368144730313042,27.1757462094405,74.81816666666667,75.2,2017-08-21 13:00:00,1.5,19.969543297177083,15.925,81.18631139697972,74.81816592293995,28.6163681386185,3.7851532929982e-11,6.368145474077628,6.3681454740397765,89.87808843811223,79.97934360419654
14,7.684084494285448,32.60568899858454,74.53659999999999,77.0,2017-08-21 14:00:00,1.5,20.384878803249993,15.925,82.22068449428544,74.53659925908894,25.906519000729233,3.9847755048846075e-11,7.68408523523634,7.684085235196493,89.87808843811223,79.97934360419654
15,11.445360801158472,46.534528082202335,75.39266666666667,77.0,2017-08-21 15:00:00,1.5,24.520661116277584,15.925,86.83802746782514,76.9392826482162,22.6366954963903,0.0,9.898744819532507,9.898744819608934,89.87808843811223,79.97934360419654
16,12.822688438112237,50.175307194805384,77.05539999999999,78.8,2017-08-21 16:00:00,1.5,30.928243015176122,15.925,89.87808843811223,79.97934360419654,18.42446365825884,0.0,9.898744823962527,9.898744833915678,89.87808843811223,79.97934360419654
17,13.809142563481231,53.87858591184162,75.07576666666667,77.0,2017-08-21 17:00:00,1.5,31.598715569484483,9.083333333,88.8849092301479,78.98616441747102,14.2122318140394,0.0,9.898744812618506,9.89874481267687,89.87808843811223,79.97934360419654
18,4.698461168514279,18.56225274820619,71.49146101694916,73.4,2017-08-21 18:00:00,1.5,28.94352043898482,9.083333333,76.18992218546344,76.18992219727585,10.0,1.0046346212226787e-08,0.0,-1.1812399387641363e-08,89.87808843811223,79.97934360419654
19,3.9697212353642533,14.16486972177207,73.0602,71.6,2017-08-21 19:00:00,1.5,150.83643759224614,9.083333333,77.02992123536424,77.02992124546167,10.0,8.661046502446331e-09,0.0,-1.0097417749520385e-08,89.87808843811223,79.97934360419654
20,3.059539721474807,8.105621593276085,72.25156666666666,66.2,2017-08-21 20:00:00,1.5,-4.319849565940547,9.083333333,75.31110638814147,75.31110639643356,10.0,7.106648523946287e-09,0.0,-8.292083785669929e-09,89.87808843811223,79.97934360419654
21,3.7602504356539344,13.493124906326589,71.10546666666667,68.0,2017-08-21 21:00:00,1.5,118.11236652183345,9.083333333,74.8657171023206,74.86571710912285,10.0,5.8254080180895245e-09,0.0,-6.802261995612584e-09,89.87808843811223,79.97934360419654
22,2.997335552238074,7.519470578908819,71.2742,66.2,2017-08-21 22:00:00,1.5,-2.6861908694468575,9.083333333,74.27153555223806,74.27153556491817,10.0,1.1886526048805298e-08,0.0,-1.2680116675218128e-08,89.87808843811223,79.97934360419654
23,2.6146882304844117,4.575862186647194,70.62477344632768,62.6,2017-08-21 23:00:00,1.5,1.5998068894166282,4.675,73.2394616768121,73.2394616768121,10.0,1.582080930222365e-09,1.5820809356753391e-09,5.452974188463364e-18,89.87808843811223,79.97934360419654
24,2.518523595338134,4.554126505841085,69.6471,59.0,2017-08-22 00:00:00,1.5,1.407173462945746,4.675,72.16562359533813,81.32451925879809,10.0,9.15889566159442,0.0,-9.158895663459953,100.5833838773821,90.68463904346929
25,2.081844563855926,0.20503157515424572,68.98833333333333,55.4,2017-08-22 01:00:00,1.5,4.318930376413205,4.675,71.07017789718925,80.22434917751745,13.89740240998296,9.154171278463636,0.0,-9.15417128032821,100.5833838773821,90.68463904346929
26,2.3117259054538013,2.0734841447778525,67.37206666666665,59.0,2017-08-22 02:00:00,1.5,3.435197163180239,4.675,69.68379257212045,78.83571707714616,17.792794444165178,9.151924503162002,0.0,-9.151924505025706,100.5833838773821,90.68463904346929
27,2.309729769205281,2.0477833812331108,67.27919999999999,59.0,2017-08-22 03:00:00,1.5,3.4501099690527783,4.675,69.58892976920527,78.73929383949879,21.687230403750583,9.150364068430687,0.0,-9.150364070293525,100.5833838773821,90.68463904346929
28,2.435356456534983,3.037840235834854,66.0282,60.8,2017-08-22 04:00:00,1.5,2.8494902850167176,4.675,68.46355645653497,77.6129900223368,25.58100234855634,9.149433563939857,0.0,-9.149433565801838,100.5833838773821,90.68463904346929
29,3.3780278748260884,11.76423218431043,67.10633333333332,62.6,2017-08-22 05:00:00,1.5,-555.1793566568437,4.675,70.48436120815941,79.63242577213003,29.47437833400393,9.148064562109656,0.0,-9.148064563970625,100.5833838773821,90.68463904346929
30,4.00398094695643,16.471290815021874,70.05336666666668,62.6,2017-08-22 06:00:00,1.5,23.167970988919876,4.675,74.05734761362311,83.20349670008746,33.36717176548079,9.146149084604525,0.0,-9.146149086464348,100.5833838773821,90.68463904346929
31,4.163183710842955,17.185703831537914,75.36116666666666,64.4,2017-08-22 07:00:00,1.5,22.804609265959307,4.675,79.52435037750962,88.65926552865922,37.25915010014647,9.1349151492845,0.0,-9.134915151149608,100.5833838773821,90.68463904346929
32,3.906832585531553,14.99375475942826,80.09159435028248,66.2,2017-08-22 08:00:00,1.5,36.2087728361112,4.675,83.99842693581402,90.51493133754178,41.146348036805875,6.5165043998637735,0.0,-6.516504401727762,100.5833838773821,90.68463904346929
33,8.084670628205068,35.86723749568111,81.90513333333334,71.6,2017-08-22 09:00:00,1.5,17.665053520612776,9.083333333,89.9898039615384,81.90513252550195,43.91932863328578,1.807959267135065e-11,8.084671436054528,8.084671436036448,100.5833838773821,90.68463904346929
34,6.758589293993928,29.032525607570786,82.0382,75.2,2017-08-22 10:00:00,1.5,19.51699299709228,15.925,88.79678929399392,82.03819918407295,40.479042915823456,2.7425068570469467e-12,6.758590109923722,6.758590109920979,100.5833838773821,90.68463904346929
35,8.323069805973626,34.64796027533494,80.44793333333334,78.8,2017-08-22 11:00:00,1.5,21.98392087101275,15.925,88.77100313930697,80.44793253330896,37.60304712436773,3.862460125924068e-12,8.323070606001878,8.323070605998016,100.5833838773821,90.68463904346929
36,8.242130806324237,33.71386589553561,83.39926666666666,80.6,2017-08-22 12:00:00,1.5,23.798049461464718,9.083333333,91.6413974729909,83.39926584404293,34.06131495160261,1.6713491279512813e-11,8.242131628964685,8.242131628947972,100.5833838773821,90.68463904346929
37,8.864752898934652,35.46938571379321,84.6889,82.4,2017-08-22 13:00:00,1.5,26.75423269643888,15.925,93.55365289893466,84.68889915756596,30.554024896731132,4.560196524180743e-12,8.864753741373265,8.864753741368705,100.5833838773821,90.68463904346929
38,9.740969490494681,38.646748540198594,85.10286666666666,82.4,2017-08-22 14:00:00,1.5,28.16508930784638,15.925,94.84383615716133,85.10286582009293,26.78178926210615,1.88347733599051e-11,9.740970337087239,9.740970337068404,100.5833838773821,90.68463904346929
39,14.257917210715432,51.81726355261274,86.32546666666667,84.2,2017-08-22 15:00:00,1.5,80.18182169300216,15.925,100.5833838773821,90.68463904346929,22.636695501651513,0.0,9.898744823962527,9.898744833912813,100.5833838773821,90.68463904346929
40,14.265625346184056,52.74143622029593,83.7506,82.4,2017-08-22 16:00:00,1.5,56.92108198279915,15.925,98.01622534618406,88.11748052250505,18.424463657433293,0.0,9.898744819532507,9.89874482367901,100.5833838773821,90.68463904346929
41,15.950410200733645,57.29641463996351,80.16916666666667,82.4,2017-08-22 17:00:00,1.5,113.53759164204047,9.083333333,96.11957686740031,86.22083205293777,14.212231817569885,0.0,9.898744812618506,9.898744814462539,100.5833838773821,90.68463904346929
42,4.902967892664841,19.345978462242172,74.96596666666666,75.2,2017-08-22 18:00:00,1.5,29.18448333263884,9.083333333,79.8689345593315,79.86893457079533,10.0,1.0388191263263077e-08,0.0,-1.1463824800273333e-08,100.5833838773821,90.68463904346929
43,4.100761997784483,14.651038451649338,74.2364,73.4,2017-08-22 19:00:00,1.5,141.88938235114742,9.083333333,78.33716199778449,78.3371620073587,10.0,8.676208856139853e-09,0.0,-9.574215055976565e-09,100.5833838773821,90.68463904346929
44,3.759016430275096,13.050921142796108,73.33803333333333,69.8,2017-08-22 20:00:00,1.5,-341.5280318289046,9.083333333,77.09704976360842,77.0970497719537,10.0,7.604118966285428e-09,0.0,-8.34528174221062e-09,100.5833838773821,90.68463904346929
45,2.713934078721143,5.6497209828621795,72.61616666666666,62.6,2017-08-22 21:00:00,1.5,0.29009605772593006,9.083333333,75.3301007453878,75.33010075275507,10.0,6.80404635568645e-09,0.0,-7.367267977597454e-09,100.5833838773821,90.68463904346929
46,2.817290563594157,6.22494904765527,71.29933333333334,64.4,2017-08-22 22:00:00,1.5,-0.39425984973111844,9.083333333,74.11662389692749,74.11662390335022,10.0,6.040832651858861e-09,0.0,-6.4227193106353355e-09,100.5833838773821,90.68463904346929
47,2.4671842154101706,3.419518661560168,70.70750000000001,60.8,2017-08-22 23:00:00,1.5,2.5642372204623007,4.675,73.17468421541018,73.17468421541018,10.0,1.3415320864187685e-09,1.341532937531e-09,8.511122314584974e-16,100.5833838773821,90.68463904346929
48,2.759130961322818,6.611533007397344,69.01086111111111,60.8,2017-08-23 00:00:00,1.5,-1.678721442555828,4.675,71.76999207243394,81.08318755872804,10.0,9.313195482762966,0.0,-9.313195486294102,105.59104775340832,95.69230291949583
49,2.562444686237838,3.9867005265061928,69.68394444444445,62.6,2017-08-23 01:00:00,1.5,2.1593166575726483,4.675,72.24638913068229,81.55958461697638,13.96306190906132,9.313195482762966,0.0,-9.3131954862941,105.59104775340832,95.69230291949583
50,2.43307169010291,3.0101340658465636,69.41336111111112,60.8,2017-08-23 02:00:00,1.5,2.869131504290031,4.675,71.84643280121402,81.15962828750811,17.92612381812264,9.313195482762966,0.0,-9.313195486294099,105.59104775340832,95.69230291949583
51,2.1937649051782637,1.1250663691428857,67.74072222222222,57.2,2017-08-23 03:00:00,1.5,3.9192839049677124,4.675,69.93448712740049,79.24768261369458,21.889185727183957,9.313195482762966,0.0,-9.313195486294097,105.59104775340832,95.69230291949583
52,2.082109607239838,0.2088994809759757,67.70322222222222,55.4,2017-08-23 04:00:00,1.5,4.317366693941316,4.675,69.78533182946207,79.09852731575616,25.852247636245277,9.313195482762966,0.0,-9.313195486294095,105.59104775340832,95.69230291949583
53,2.3288599861107175,2.8779259806425244,69.61111111111111,57.2,2017-08-23 05:00:00,1.5,2.871825445885969,4.675,71.93997109722183,81.25316658351592,29.815309545306594,9.313195482762966,0.0,-9.313195486294093,105.59104775340832,95.69230291949583
54,4.00398094695643,16.471290815021874,68.59008333333333,62.6,2017-08-23 06:00:00,1.5,23.167970988919876,4.675,72.59406428028976,81.90725976658385,33.77837145436791,9.313195482762966,0.0,-9.31319548629409,105.59104775340832,95.69230291949583
55,4.776146807672914,20.73074434093963,77.22871280602637,66.2,2017-08-23 07:00:00,1.5,18.86007745468751,4.675,82.00485961369928,91.31805509999336,37.74143336342922,9.313195482762966,0.0,-9.313195486294083,105.59104775340832,95.69230291949583
56,6.405673060494408,28.318345954383155,87.3058611111111,71.6,2017-08-23 08:00:00,1.5,17.84265488461894,4.675,93.7115341716055,95.692302908152,41.70449527249054,1.9807687345476583,0.0,-1.9807687365464928,105.59104775340832,95.69230291949583
57,8.151794035542753,35.644009014118794,91.99302777777778,73.4,2017-08-23 09:00:00,1.5,18.43163437765149,9.083333333,100.14482181332053,94.61264386788906,42.54737558591457,1.458310256127015e-13,5.5321779454316085,5.532177945431463,105.59104775340832,95.69230291949583
58,6.758589293993928,29.032525607570786,93.62333333333332,75.2,2017-08-23 10:00:00,1.5,19.51699299709228,15.925,100.38192262732724,93.6233324044254,40.19325731126289,4.63904341542473e-14,6.758590222901884,6.758590222901838,105.59104775340832,95.69230291949583
59,8.732197014558391,35.62138382644538,94.95844444444442,80.6,2017-08-23 11:00:00,1.5,24.11652550684456,15.925,103.69064145900282,94.95844350218539,37.31726147173019,3.8674195003923286e-14,8.732197956817457,8.732197956817418,105.59104775340832,95.69230291949583
60,9.403379332798064,36.74671929368655,95.21675,84.2,2017-08-23 12:00:00,1.5,31.230175133792375,9.083333333,104.62012933279807,95.50514454395767,33.601432553935545,7.014737547654141e-14,9.114984788840475,9.114984788840406,105.59104775340832,95.69230291949583
61,9.649716160623253,37.614680718599196,95.52938888888887,84.2,2017-08-23 13:00:00,1.5,31.822557010228206,15.925,105.17910504951213,95.5293879409204,29.722715622514098,0.0,9.649717108591572,9.649717108591728,105.59104775340832,95.69230291949583
62,12.471317683923766,44.95435732008019,92.79655555555554,87.8,2017-08-23 14:00:00,1.5,100.87261293617864,15.925,105.26787323947931,95.36912841973556,25.616453023113362,0.0,9.898744816662028,9.898744819743756,105.59104775340832,95.69230291949583
63,16.078353308963887,54.609492971646844,89.51269444444443,87.8,2017-08-23 15:00:00,1.5,-87.44992777699159,15.925,105.59104775340832,95.69230291949583,21.40422118492453,0.0,9.898744823962417,9.898744833912485,105.59104775340832,95.69230291949583
64,15.976191040198433,55.39330189440895,85.47155555555555,86.0,2017-08-23 16:00:00,1.5,-291.95288524754204,15.925,101.44774659575398,91.54900177601013,17.191989340706453,0.0,9.898744816662028,9.89874481974385,105.59104775340832,95.69230291949583
65,15.950410200733645,57.29641463996351,83.34772222222223,82.4,2017-08-23 17:00:00,1.5,113.53759164204047,9.083333333,99.29813242295587,92.29570212663094,12.979757502517579,3.139700815865902e-14,7.002430296324968,7.0024302963249365,105.59104775340832,95.69230291949583
66,4.902967892664841,19.345978462242172,77.94952777777779,75.2,2017-08-23 18:00:00,1.5,29.18448333263884,9.083333333,82.85249567044264,82.85249573154395,10.0,5.9591388310728424e-08,0.0,-6.110130812174086e-08,105.59104775340832,95.69230291949583
67,3.721773774931864,13.202367855414714,77.00327777777778,68.0,2017-08-23 19:00:00,1.5,214.2473256046173,9.083333333,80.72505155270964,80.72505159025125,10.0,3.6328294812289324e-08,0.0,-3.754161238764762e-08,105.59104775340832,95.69230291949583
68,3.059539721474807,8.105621593276085,76.34794444444445,66.2,2017-08-23 20:00:00,1.5,-4.319849565940547,9.083333333,79.40748416591926,79.40748419334241,10.0,2.6442920370205955e-08,0.0,-2.742315552234391e-08,105.59104775340832,95.69230291949583
69,2.8990881446947063,7.043346980673679,75.12955555555556,64.4,2017-08-23 21:00:00,1.5,-1.9546370342293136,9.083333333,78.02864370025026,78.02864372185672,10.0,2.0809198389091948e-08,0.0,-2.1606470372344413e-08,105.59104775340832,95.69230291949583
70,2.649903285181041,4.963377162952,73.55827777777777,62.6,2017-08-23 22:00:00,1.5,1.1764928091480056,9.083333333,76.20818106295881,76.20818108069489,10.0,1.7143976174923967e-08,0.0,-1.7736080046633333e-08,105.59104775340832,95.69230291949583
71,2.330097099878871,2.308228944932927,72.3963888888889,59.0,2017-08-23 23:00:00,1.5,3.294660773292333,4.675,74.72648598876776,74.72648598876776,10.0,1.4278755993731194e-09,1.4278742528927969e-09,-1.3464803225637014e-15,105.59104775340832,95.69230291949583
72,2.099067642942258,0.45430236452510325,71.7925357142857,55.4,2017-08-24 00:00:00,1.5,4.215443056912371,4.675,73.89160335722796,83.20479884353033,10.0,9.313195482762966,0.0,-9.31319548630236,104.33768999430484,94.43894516035634
73,2.194437168852434,1.1342664698242162,70.03576666666666,57.2,2017-08-24 01:00:00,1.5,3.914845979431338,4.675,72.23020383551909,81.54339932182145,13.963061909064834,9.313195482762966,0.0,-9.31319548630236,104.33768999430484,94.43894516035634
74,2.43307169010291,3.0101340658465636,68.74273333333335,60.8,2017-08-24 02:00:00,1.5,2.869131504290031,4.675,71.17580502343625,80.48900050973862,17.926123818129668,9.313195482762966,0.0,-9.31319548630236,104.33768999430484,94.43894516035634
75,2.684624963036671,4.827858506396089,69.9682,64.4,2017-08-24 03:00:00,1.5,1.4409302351789326,4.675,72.65282496303666,81.96602044933903,21.8891857271945,9.313195482762966,0.0,-9.31319548630236,104.33768999430484,94.43894516035634
76,2.3132467692975025,2.0930397576600845,69.40393333333333,59.0,2017-08-24 04:00:00,1.5,3.4237889234334253,4.675,71.71718010263083,81.0303755889332,25.852247636259335,9.313195482762966,0.0,-9.31319548630236,104.33768999430484,94.43894516035634
77,2.955069865309482,8.514397579153194,69.00626666666668,60.8,2017-08-24 05:00:00,1.5,-8.639272020587477,4.675,71.96133653197616,81.27453201827852,29.81530954532417,9.313195482762966,0.0,-9.31319548630236,104.33768999430484,94.43894516035634
78,5.621849788669747,25.55283327312465,70.8255,66.2,2017-08-24 06:00:00,1.5,16.57555513697153,4.675,76.44734978866975,85.76054527497212,33.778371454389,9.313195482762966,0.0,-9.31319548630236,104.33768999430484,94.43894516035634
79,8.348128188771756,36.953956169851196,75.67886666666666,71.6,2017-08-24 07:00:00,1.5,17.77612007398237,4.675,84.02699485543842,93.34019034174078,37.74143336345384,9.313195482762964,0.0,-9.31319548630236,104.33768999430484,94.43894516035634
80,7.013142602638681,30.202802760880378,82.5931,75.2,2017-08-24 08:00:00,1.5,19.349758368557264,4.675,89.60624260263869,94.43894514901251,41.70449527251867,4.832702544373833,0.0,-4.832702546373834,104.33768999430484,94.43894516035634
81,8.41844835633131,35.02634334689066,87.5139,78.8,2017-08-24 09:00:00,1.5,22.0335391572333,9.083333333,95.93234835633132,90.82018175525741,43.760964441188385,9.260211820859342e-19,5.1121666010738975,5.1121666010738975,104.33768999430484,94.43894516035634
82,8.40007814354114,33.701299104187406,88.16556666666668,82.4,2017-08-24 10:00:00,1.5,26.33979906847745,15.925,96.56564481020781,88.16556579233642,41.58557439817822,0.0,8.400079017871379,8.400079017871379,104.33768999430484,94.43894516035634
83,9.649881266949636,37.615257703563906,90.13353333333332,84.2,2017-08-24 11:00:00,1.5,31.822983989162775,15.925,99.78341460028295,90.13353243932342,38.011072688445715,0.0,9.649882160959548,9.649882160959548,104.33768999430484,94.43894516035634
84,10.790483496715341,39.878590820952866,91.46543333333334,87.8,2017-08-24 12:00:00,1.5,57.271882781973396,9.083333333,102.25591683004868,93.64322877841202,33.90473985399485,0.0,8.612688051636662,8.612688051636662,104.33768999430484,94.43894516035634
85,11.472146511104555,41.991532882672516,91.4295,87.8,2017-08-24 13:00:00,1.5,68.33420738982403,15.925,102.90164651110456,93.00290169135573,30.23976621500052,0.0,9.898744816662028,9.898744819748828,104.33768999430484,94.43894516035634
86,13.578301273966757,47.11612674410018,88.85646666666666,89.6,2017-08-24 14:00:00,1.5,-319.0032650944245,15.925,102.43476794063342,92.5360231208846,26.02753437680953,0.0,9.898744816662028,9.898744819748828,104.33768999430484,94.43894516035634
87,17.12188999430485,56.043323102121114,87.21579999999999,89.6,2017-08-24 15:00:00,1.5,-36.009351039805324,15.925,104.33768999430484,94.43894516035634,21.81530253861854,0.0,9.898744823998427,9.898744833948495,104.33768999430484,94.43894516035634
88,16.951332013492447,56.75138597469889,84.75416666666668,87.8,2017-08-24 16:00:00,1.5,-57.231833154917496,15.925,101.70549868015912,91.8067538604103,17.60307069438514,0.0,9.898744816662028,9.898744819748828,104.33768999430484,94.43894516035634
89,15.178355871763115,56.14242992707217,81.90433333333333,80.6,2017-08-24 17:00:00,1.5,56.48389687885136,9.083333333,97.08268920509644,89.11421767878069,13.390838856194147,0.0,7.968471526315755,7.968471526315755,104.33768999430484,94.43894516035634
90,4.698461168514279,18.56225274820619,76.1955,73.4,2017-08-24 18:00:00,1.5,28.94352043898482,9.083333333,80.89396116851428,80.89396128015048,10.0,1.1019052737197705e-07,0.0,-1.1163618332925916e-07,104.33768999430484,94.43894516035634
91,3.9697212353642533,14.16486972177207,76.72726666666667,71.6,2017-08-24 19:00:00,1.5,150.83643759224614,9.083333333,80.69698790203091,80.6969879391519,10.0,3.598209723347058e-08,0.0,-3.7120983461872604e-08,104.33768999430484,94.43894516035634
92,3.6680629767884545,12.79154175659456,76.53486666666666,68.0,2017-08-24 20:00:00,1.5,-762.895274912526,9.083333333,80.20292964345511,80.20292967051334,10.0,2.6157070917191975e-08,0.0,-2.7058233403171822e-08,104.33768999430484,94.43894516035634
93,3.7602504356539344,13.493124906326589,75.32456666666667,68.0,2017-08-24 21:00:00,1.5,118.11236652183345,9.083333333,79.0848171023206,79.08481712355675,10.0,2.054652758595687e-08,0.0,-2.1236153141909883e-08,104.33768999430484,94.43894516035634
94,2.817290563594157,6.22494904765527,74.50723333333333,64.4,2017-08-24 22:00:00,1.5,-0.39425984973111844,9.083333333,77.32452389692749,77.32452391413544,10.0,1.672663603191134e-08,0.0,-1.7207954121454777e-08,104.33768999430484,94.43894516035634
95,2.773821335524662,5.777259520194001,72.65116666666667,64.4,2017-08-24 23:00:00,1.5,0.28505398029416873,4.675,75.42498800219133,75.42498800219133,10.0,1.4285729524720335e-09,1.4285710099172713e-09,-1.942554762167793e-15,104.33768999430484,94.43894516035634
96,2.2986769649225236,2.50171629155034,72.09811111111111,57.2,2017-08-25 00:00:00,1.5,3.136427855769473,4.675,74.39678807603363,83.70998357096148,10.0,9.313195489676524,0.0,-9.313195494927852,96.87234031794776,86.97359548403702
97,2.311788511841516,2.0742895932728618,69.62861111111111,59.0,2017-08-25 01:00:00,1.5,3.434728331722816,4.675,71.94039962295263,81.25359511788048,13.963061912735256,9.313195489676524,0.0,-9.313195494927852,96.87234031794776,86.97359548403702
98,2.3117259054538013,2.0734841447778525,68.80941666666666,59.0,2017-08-25 02:00:00,1.5,3.435197163180239,4.675,71.12114257212046,80.43433806704832,17.926123825470512,9.313195489676524,0.0,-9.313195494927852,96.87234031794776,86.97359548403702
99,2.4299727746093436,2.972487741472051,68.20502777777777,60.8,2017-08-25 03:00:00,1.5,2.895600436163029,4.675,70.63500055238711,79.94819604731497,21.889185738205768,9.313195489676524,0.0,-9.313195494927852,96.87234031794776,86.97359548403702
100,2.562249075368667,3.9844609405647704,68.52063888888888,62.6,2017-08-25 04:00:00,1.5,2.161274149507064,4.675,71.08288796425755,80.39608345918539,25.852247650941024,9.313195489676524,0.0,-9.313195494927852,96.87234031794776,86.97359548403702
101,2.955069865309482,8.514397579153194,69.42505555555556,60.8,2017-08-25 05:00:00,1.5,-8.639272020587477,4.675,72.38012542086504,81.6933209157929,29.81530956367628,9.313195489676522,0.0,-9.313195494927852,96.87234031794776,86.97359548403702
102,5.621849788669747,25.55283327312465,70.57002777777778,66.2,2017-08-25 06:00:00,1.5,16.57555513697153,4.675,76.19187756644753,85.50507306137537,33.778371476411536,9.313195489676518,0.0,-9.313195494927847,96.87234031794776,86.97359548403702
103,9.088965021045269,38.81950104886782,74.41202777777778,75.2,2017-08-25 07:00:00,1.5,19.909801350008653,4.675,83.50099279882305,86.97359547960716,37.74143338914679,3.4726026787840554,0.0,-3.4726026807841155,96.87234031794776,86.97359548403702
104,7.705989458926324,32.12774055758262,77.37030555555556,78.8,2017-08-25 08:00:00,1.5,21.84455222473237,4.675,85.07629501448189,86.97359547960716,39.219136657565564,1.8973004631252146,0.0,-1.8973004651252663,96.87234031794776,86.97359548403702
105,8.649455068110928,34.65791604995424,79.37238888888889,82.4,2017-08-25 09:00:00,1.5,26.531374070170752,9.083333333,88.02184395699982,86.97359547670835,40.026498557618865,0.0,1.0482484802914247,1.0482484802914742,96.87234031794776,86.97359548403702
106,8.891599790724465,34.89564102491697,81.49252777777778,84.2,2017-08-25 10:00:00,1.5,30.282573266565716,15.925,90.38412756850225,84.89000778534002,39.580435374516114,1.2888331370895844e-13,5.494119783162356,5.494119783162228,96.87234031794776,86.97359548403702
107,10.725162722935403,39.67183394721257,83.57438888888889,87.8,2017-08-25 11:00:00,1.5,56.45876251866859,15.925,94.2995516118243,86.1113121296725,37.242512062532185,0.0,8.188239482151781,8.188239482151804,96.87234031794776,86.97359548403702
108,12.464132468409854,43.10948047733459,83.43152777777777,91.4,2017-08-25 12:00:00,1.5,-229.98930477715737,9.083333333,95.89566024618763,86.97359547670814,33.75815483608461,0.0,8.922064769479446,8.92206476947949,96.87234031794776,86.97359548403702
109,13.709438938058858,46.48340125269433,81.1555,91.4,2017-08-25 13:00:00,1.5,-82.39013283861169,15.925,94.86493893805886,86.164076822893,29.961531529923125,0.0,8.700862115165842,8.70086211516587,96.87234031794776,86.97359548403702
110,14.806217690202859,49.30751275014992,80.69241666666666,91.4,2017-08-25 14:00:00,1.5,-50.511437415020424,15.925,95.49863435686952,86.3808002036595,26.259037012831264,0.0,9.117834153209973,9.11783415321001,96.87234031794776,86.97359548403702
111,17.12188999430485,56.043323102121114,78.93175,89.6,2017-08-25 15:00:00,1.5,-36.009351039805324,15.925,96.05363999430485,86.59957672034622,22.379107585933387,0.0,9.454063273958567,9.454063273958623,96.87234031794776,86.97359548403702
112,18.019260348474877,58.13090421714444,78.54674999999999,89.6,2017-08-25 16:00:00,1.5,-28.572004643160238,15.925,96.56601034847486,86.827915406119,18.356101937440357,0.0,9.738094942355726,9.738094942355861,96.87234031794776,86.97359548403702
113,19.778618095725545,62.05943819336923,77.09372222222221,89.6,2017-08-25 17:00:00,1.5,-19.849663991568132,9.083333333,96.87234031794776,86.97359548403702,14.21223174920382,0.0,9.898744823961836,9.898744833910747,96.87234031794776,86.97359548403702
114,5.843983751518887,22.53582050698196,72.70241666666666,82.4,2017-08-25 18:00:00,1.5,34.70932471181621,9.083333333,78.54640041818556,78.54640049334185,10.0,7.376950195731908e-08,0.0,-7.515630034573596e-08,96.87234031794776,86.97359548403702
115,4.236969491142097,15.140485712659002,73.24819444444445,75.2,2017-08-25 19:00:00,1.5,140.67252620743392,9.083333333,77.48516393558654,77.48516402301088,10.0,8.613535394694743e-08,0.0,-8.742433344692896e-08,96.87234031794776,86.97359548403702
116,3.949284907452254,13.577487267111698,71.9075,73.4,2017-08-25 20:00:00,1.5,-150.76500743805727,9.083333333,75.85678490745225,75.8567849344318,10.0,2.5964367302263176e-08,0.0,-2.697955795465767e-08,96.87234031794776,86.97359548403702
117,4.313586303494002,16.09857269013009,70.87983333333334,73.4,2017-08-25 21:00:00,1.5,49.430044612445776,9.083333333,75.19341963682734,75.19341965724809,10.0,1.960165281969057e-08,0.0,-2.04207400974383e-08,96.87234031794776,86.97359548403702
118,3.9976065646608903,14.799597003505582,70.86858333333333,69.8,2017-08-25 22:00:00,1.5,55.68738080084921,9.083333333,74.86618989799422,74.86618991129505,10.0,1.3079264012804869e-08,0.0,-1.3300838814027267e-08,96.87234031794776,86.97359548403702
119,3.9823547056281603,14.690809717490108,68.13066666666667,69.8,2017-08-25 23:00:00,1.5,59.05852077825909,4.675,72.11302137229482,72.11302137229482,10.0,1.4286293350376736e-09,1.4286288023240947e-09,-5.327135789070097e-16,96.87234031794776,86.97359548403702
